Version,Version Code,Release Date,Notes,Link
version-225e87fdb7254f64,682,15/07/2025,,https://drive.google.com/file/d/1mYL1T_6gOgcut7yif5xjSe1TEIS4z1a_
version-08c47cce3da24e11,681,16/07/2025,Engine version got downgraded.,https://drive.google.com/file/d/1Uh-8VyGn94t0eQEV5ybk3jsTZtyNgSjZ

version-65664807ac1d4e85,688,29/08/2025,Fix with 3 changes for version-7b14ca0aa83149fa.,https://drive.google.com/file/d/1SNZ1a-jPKrlcAkmLpMH47eYOuJvfd1sT
version-bc498656938f4aac,689,02/09/2025,,https://drive.google.com/file/d/1NCCfbWoAwOVy5MxcFsYndhYa8YqeTTNp
version-c1ac69007bdc4e48,689,03/09/2025,Fix with 3 changes for version-bc498656938f4aac.,https://drive.google.com/file/d/1BFC6JstYIsn15wIQ4oWlb9gfPuVJhGQi
version-8afc5a7d5e894d22,690,09/09/2025,,https://drive.google.com/file/d/1AjdtRHkaYOy8WTn6fi7v0XfTpzNSjAMt
version-b69bc1fe5ff44bd5,691,16/09/2025,,https://drive.google.com/file/d/1cf9bpKoh5qSPCL9XmLdjzFFjWAJAV2KS
version-31fc142272764f02,691,17/09/2025,,https://drive.google.com/file/d/1s1JuS3TH6Y3PXGjku9guDog0OA4tuZ1b
version-f6cd26d0e71b47c9,692,23/09/2025,,https://drive.google.com/file/d/1FzJLM_IeBlRTU6-2tZH8Zavx7lw_fSON
version-d9e8be4690684ba0,693,30/09/2025,,https://drive.google.com/file/d/18p1C8PksbX-vKnftwyde7U8jvpWpYwFi
version-494828652c274712,693,01/10/2025,Fix with 1 change for version-d9e8be4690684ba0.,https://drive.google.com/file/d/1EzST0ue9yh3Tx3-ppOEWjSOTT-elWRl_
version-d34359a5577645e2,694,07/10/2025,,https://drive.google.com/file/d/1tcUH5Kny-2C3tbggJjXRBF-8ZcOh1vhI
version-1dc3d2a9737849a2,695,14/10/2025,,https://drive.google.com/file/d/1bnrYCnUsjx3QrSYlDqFZmjZtrOEa9PkY
version-7a4a5d7d1fb3449f,695,14/10/2025,Emergency fix with 1 change for version-1dc3d2a9737849a2.,https://drive.google.com/file/d/1mU4JS1G6KPTV6jHYMt1uC7s4wOmH8jBo
version-267c8a63b3e74c7f,695,15/10/2025,Fix with 2 changes for version-7a4a5d7d1fb3449f.,https://drive.google.com/file/d/1bNFn_blFECi_cnUnYNmHo_XQoPoD3Im_
version-4aeb17bd13994560,696,21/10/2025,,https://drive.google.com/file/d/1s0O87phT1iWZ7ypAnxEfUTpleYGgtu4g
version-889d2588b25a43d1,697,28/10/2025,,https://drive.google.com/file/d/1RJRBkSYtLWdKQeWmrxK3L2XEKu0v0Xfq
version-f6dd34ecac7b4642,698,04/11/2025,,https://drive.google.com/file/d/1vgLTQpQUk1HLvv2r0h_1NYHJf1CUf9tR
version-b7e223555d904550,699,11/11/2025,,https://drive.google.com/file/d/1hhXaDHLNDsHclmwmvMcnJxaF61-risfb
version-8e6e698468a04d3f,699,14/11/2025,,Fix with 3 changes for version-b7e223555d904550.,https://drive.google.com/file/d/1-VoBgXCo2bxfNSKZ-FO8HYmNFXBwU3eF
version-fdda949d95e447e3,700,18/11/2025,,https://drive.google.com/file/d/1ATgv8V9UwzZ_tmkctJd7uwnmiaANkRxq
version-e380c8edc8f6477c,700,21/11/2025,,Fix with 5 changes for version-fdda949d95e447e3.,https://drive.google.com/file/d/1F-M4pmVLICbrOfs91PjXwXeTPhsPOc1e
version-1849ecbff0824113,701,02/12/2025,,https://drive.google.com/file/d/1vdc6uDvtYg6OZoHgZOSvqiS7Y2mzbDXH
version-5162b2fc3a2d478f,702,05/12/2025,Re-released as version-5aed1822f52c4b03., due to an accidental publish of an outdated Studio built.,https://drive.google.com/file/d/1mJErNXOaWSX3bOcgV_1OG5aPM-mjxfGt
version-eaebe135b3ec446b,702,11/12/2025,8 changes since version-5162b2fc3a2d478f.,https://drive.google.com/file/d/1TzVr1MzobUPt5bAPPSkClv_3xxBMCz1p
version-1139489f628046e9,702,12/12/2025,5 changes since version-eaebe135b3ec446b.,https://drive.google.com/file/d/1thBBvL8PBAxDH96IA7GTyl6k0PbWyWmP
version-30e7703682854cda,702,17/12/2025,5 changes since version-1139489f628046e9.,https://drive.google.com/file/d/1Q3lkTviazJzKXiZHiTtr_vASWVcQogid
version-5b077c09380f4fe6,702,17/12/2025,Fix with 1 change for version-30e7703682854cda.,https://drive.google.com/file/d/1AN-aS_8fWkt7Zw9qDgZ6TsvWdWEMxoeb
version-f8f53a67efca4c34,702,31/12/2025,Missing a Studio release. 3 changes since version-5b077c09380f4fe6.,https://drive.google.com/file/d/1Z7C80YDGh1G4nFyek7tTPW6AKf3Um9HP
version-89d89cb2d6b649be,703,06/01/2026,,https://drive.google.com/file/d/1cVdkJf5SZrSVuAzu2s7HUJjQDCGs4ro9
version-1588a9c58c674e38,704,13/1/2026,,https://archive.org/details/roblox-desktop-archive
version-0f5223fb6e7e4955,705,20/1/2026,,https://archive.org/details/roblox-desktop-archive
version-8b8c34790f814a73,705,22/1/2026,,https://archive.org/details/roblox-desktop-archive
version-3d5997cfe1934687,705,26/1/2026,Rereleased as version-760ae30bbad64165 and version-f8734e043e1e40a2.,https://archive.org/details/roblox-desktop-archive
version-729e198a5c5c4599,706,27/1/2026,,https://archive.org/details/roblox-desktop-archive
version-4464ba36ceea461e,706,28/1/2026,,https://archive.org/details/roblox-desktop-archive
version-db4634f0e27d4d36,706,30/1/2026,4 changes compared to version-4464ba36ceea461e.,https://archive.org/details/roblox-desktop-archive
version-1a00fc65f08f4717,707,3/2/2026,,https://archive.org/details/roblox-desktop-archive
version-10e1b73b69c54e99,707,3/2/2026,,https://archive.org/details/roblox-desktop-archive
version-d2b4f26bb88d44d6,707,3/2/2026,,https://archive.org/details/roblox-desktop-archive
version-3e7a57d7e53b4881,707,3/2/2026,,https://archive.org/details/roblox-desktop-archive
version-286a2c4035ea41d5,707,4/2/2026,,https://archive.org/details/roblox-desktop-archive
version-6eca4517ecbc4d2e,707,4/2/2026,,https://archive.org/details/roblox-desktop-archive
version-80c7b8e578f241ff,707,4/2/2026,,https://archive.org/details/roblox-desktop-archive
version-14c83b4585f74f4d,708,9/2/2026,,https://archive.org/details/roblox-desktop-archive
version-bd08027bb04e4045,708,10/2/2026,,https://archive.org/details/roblox-desktop-archive
version-df7528517c6849f7,709,17/2/2026,,https://archive.org/details/roblox-desktop-archive
version-497d232246664187,710,24/2/2026,,https://archive.org/details/roblox-desktop-archive
version-d54fb60046ac4018,710,25/2/2026,,https://archive.org/details/roblox-desktop-archive
version-760d064d05424689,710,25/2/2026,,https://archive.org/details/roblox-desktop-archive
version-b4b85190815347e0,711,2/3/2026,,https://archive.org/details/roblox-desktop-archive
version-d599f7fc52a8404c,711,3/3/2026,,https://archive.org/details/roblox-desktop-archive
version-a3424bc01593490b,712,10/3/2026,,https://archive.org/details/roblox-desktop-archive
version-b130242ed064436f,712,11/3/2026,,https://archive.org/details/roblox-desktop-archive
version-ae421f0582e54718,713,18/3/2026,,https://archive.org/details/roblox-desktop-archive
version-6776addb8fbc4d17,714,26/3/2026,,https://archive.org/details/roblox-desktop-archive
version-689e359b09ad43b0,715,2/4/2026,,https://archive.org/details/roblox-desktop-archive
version-695a88dd8425491f,716,8/4/2026,,https://archive.org/details/roblox-desktop-archive
version-9d412f44a6fe4081,717,15/4/2026,,https://archive.org/details/roblox-desktop-archive
version-2e6461290a3541f5,718,22/4/2026,,https://archive.org/details/roblox-desktop-archive
version-390ba09e7e944154,718,26/4/2026,,https://archive.org/details/roblox-desktop-archive
version-acc4b74f79e743b9,719,29/4/2026,,https://archive.org/details/roblox-desktop-archive
version-bf6344c9c23446bf,720,6/5/2026,,https://archive.org/details/roblox-desktop-archive
